{
  "name": "moment",
  "version": "2.19.1",
  "main": "moment.js",
  "description": "Parse, validate, manipulate, and display dates in JavaScript.",
  "files": [
    "moment.js",
    "locale/af.js",
    "locale/ar-dz.js",
    "locale/ar-kw.js",
    "locale/ar-ly.js",
    "locale/ar-ma.js",
    "locale/ar-sa.js",
    "locale/ar-tn.js",
    "locale/ar.js",
    "locale/az.js",
    "locale/be.js",
    "locale/bg.js",
    "locale/bm.js",
    "locale/bn.js",
    "locale/bo.js",
    "locale/br.js",
    "locale/bs.js",
    "locale/ca.js",
    "locale/cs.js",
    "locale/cv.js",
    "locale/cy.js",
    "locale/da.js",
    "locale/de-at.js",
    "locale/de-ch.js",
    "locale/de.js",
    "locale/dv.js",
    "locale/el.js",
    "locale/en-au.js",
    "locale/en-ca.js",
    "locale/en-gb.js",
    "locale/en-ie.js",
    "locale/en-nz.js",
    "locale/eo.js",
    "locale/es-do.js",
    "locale/es-us.js",
    "locale/es.js",
    "locale/et.js",
    "locale/eu.js",
    "locale/fa.js",
    "locale/fi.js",
    "locale/fo.js",
    "locale/fr-ca.js",
    "locale/fr-ch.js",
    "locale/fr.js",
    "locale/fy.js",
    "locale/gd.js",
    "locale/gl.js",
    "locale/gom-latn.js",
    "locale/gu.js",
    "locale/he.js",
    "locale/hi.js",
    "locale/hr.js",
    "locale/hu.js",
    "locale/hy-am.js",
    "locale/id.js",
    "locale/is.js",
    "locale/it.js",
    "locale/ja.js",
    "locale/jv.js",
    "locale/ka.js",
    "locale/kk.js",
    "locale/km.js",
    "locale/kn.js",
    "locale/ko.js",
    "locale/ky.js",
    "locale/lb.js",
    "locale/lo.js",
    "locale/lt.js",
    "locale/lv.js",
    "locale/me.js",
    "locale/mi.js",
    "locale/mk.js",
    "locale/ml.js",
    "locale/mr.js",
    "locale/ms-my.js",
    "locale/ms.js",
    "locale/my.js",
    "locale/nb.js",
    "locale/ne.js",
    "locale/nl-be.js",
    "locale/nl.js",
    "locale/nn.js",
    "locale/pa-in.js",
    "locale/pl.js",
    "locale/pt-br.js",
    "locale/pt.js",
    "locale/ro.js",
    "locale/ru.js",
    "locale/sd.js",
    "locale/se.js",
    "locale/si.js",
    "locale/sk.js",
    "locale/sl.js",
    "locale/sq.js",
    "locale/sr-cyrl.js",
    "locale/sr.js",
    "locale/ss.js",
    "locale/sv.js",
    "locale/sw.js",
    "locale/ta.js",
    "locale/te.js",
    "locale/tet.js",
    "locale/th.js",
    "locale/tl-ph.js",
    "locale/tlh.js",
    "locale/tr.js",
    "locale/tzl.js",
    "locale/tzm-latn.js",
    "locale/tzm.js",
    "locale/uk.js",
    "locale/ur.js",
    "locale/uz-latn.js",
    "locale/uz.js",
    "locale/vi.js",
    "locale/x-pseudo.js",
    "locale/yo.js",
    "locale/zh-cn.js",
    "locale/zh-hk.js",
    "locale/zh-tw.js"
  ],
  "scripts": [
    "moment.js"
  ]
}
